{"cameraMode":{"drawMode":0,"name":"Shaded","section":"Shading Mode"},"sceneLighting":false,"audioPlay":false,"sceneViewState":{"showFog":true,"showMaterialUpdate":false,"showSkybox":false,"showFlares":true,"showImageEffects":true,"showParticleSystems":true},"in2DMode":false,"pivot":{"x":1.6368904113769532,"y":6.375705718994141,"z":-4.219854831695557},"rotation":{"x":0.3376770615577698,"y":-0.19207412004470826,"z":0.07062870264053345,"w":0.9187573194503784},"size":1.0446670055389405,"orthographic":false}