{"cameraMode":{"drawMode":0,"name":"Shaded","section":"Shading Mode"},"sceneLighting":false,"audioPlay":false,"sceneViewState":{"showFog":true,"showMaterialUpdate":false,"showSkybox":false,"showFlares":true,"showImageEffects":true,"showParticleSystems":true},"in2DMode":false,"pivot":{"x":0.0,"y":0.6000000238418579,"z":-0.07500000298023224},"rotation":{"x":-0.2725375294685364,"y":-0.2506295144557953,"z":0.0737132653594017,"w":-0.9260120391845703},"size":0.9864709973335266,"orthographic":false}